GEOID,2023 Population Density
210039202.0,53.1
210039203.0,188.4
210039204.0,88.9
210039205.0,20.2
210039206.0,54.9
210350101.0,48.3
210350102.0,57.7
210350103.01,4349.0
210350103.03,1753.2
210350103.04,315.0
210350104.0,241.7
210350105.0,255.3
210350106.01,2007.7
210350106.02,527.7
210350107.0,43.2
210350108.0,32.2
210472013.01,35.1
210472013.03,866.5
210472013.04,557.0
210472014.0,24.3
210472015.01,6844.7
210472015.02,2457.1
210472015.03,1480.5
210479801.0,0.0
210539701.0,37.7
210539702.02,49.6
210539702.03,36.9
210539702.04,85.3
210579502.0,13.6
210759601.0,40.6
210759602.0,24.3
210830202.0,221.0
210830203.01,494.2
210830203.02,848.7
210830204.0,27.1
210830205.0,36.3
210830206.0,54.2
210830209.0,48.3
211059701.0,18.2
211419604.0,50.4
211419606.0,24.9
211719302.0,28.1
211719303.0,68.9
211719304.0,32.0
212139701.0,38.6
212139702.0,160.9
212139704.01,864.5
212139704.02,42.1
212199503.0,40.3
212199504.0,19.6
212219702.02,49.2
212219703.02,22.5
212219801.0,0.0
212219802.0,0.1
470039501.0,55.8
470039502.01,74.6
470039502.02,96.1
470039503.0,41.8
470039504.01,364.9
470039504.02,354.7
470039505.0,619.5
470039506.0,610.7
470039507.0,53.2
470039508.0,34.5
470059630.0,24.8
470059631.0,55.5
470059632.0,17.5
470059633.0,513.5
470059634.0,43.4
470079530.0,34.1
470079531.01,28.3
470079531.02,58.1
470079532.0,34.9
470159601.0,36.5
470159602.01,389.1
470159602.02,52.8
470159603.0,63.1
470179620.0,46.5
470179621.01,46.7
470179621.02,117.2
470179622.01,84.9
470179622.02,146.4
470179623.0,43.3
470179624.0,27.3
470179625.0,18.3
470179801.0,0.0
470210701.02,65.9
470210701.03,206.0
470210701.04,181.2
470210702.01,402.0
470210702.02,162.4
470210702.03,81.5
470210703.0,486.0
470210704.01,52.4
470210704.02,197.5
470239701.01,61.7
470239701.02,35.1
470239702.0,896.3
470239703.01,32.1
470239703.02,49.5
470279550.0,32.1
470279551.0,30.8
470319701.0,49.1
470319702.01,113.4
470319702.02,159.6
470319703.0,39.2
470319704.01,66.0
470319704.02,366.4
470319705.01,1343.3
470319705.02,1552.0
470319706.0,201.2
470319707.0,57.8
470319708.01,1303.4
470319708.03,94.7
470319708.04,956.6
470319709.0,1245.2
470319710.01,310.9
470319710.02,1239.3
470319801.0,0.1
470339610.0,40.7
470339611.0,72.0
470339614.0,107.3
470359702.02,35.3
470359703.01,66.4
470359703.02,70.8
470359704.02,168.2
470359706.01,484.8
470359707.01,311.0
470359707.02,40.5
470370101.03,143.3
470370101.04,126.8
470370101.05,423.7
470370101.06,420.4
470370102.01,461.8
470370102.02,156.0
470370103.01,1307.1
470370103.02,1195.4
470370103.03,3438.5
470370104.01,1450.4
470370104.03,4564.8
470370104.04,4303.4
470370105.01,1005.5
470370105.02,1954.2
470370106.01,837.9
470370106.02,3038.7
470370107.01,3473.9
470370107.02,3281.2
470370108.01,2882.7
470370108.02,1733.0
470370109.01,1582.5
470370109.03,2555.4
470370109.04,3149.3
470370110.01,2292.2
470370110.02,1819.8
470370111.0,2476.0
470370112.0,3542.5
470370113.0,3324.4
470370114.0,5285.7
470370115.0,2779.7
470370116.0,1772.0
470370117.0,4886.8
470370118.0,4855.3
470370119.0,5781.2
470370121.0,4594.1
470370122.0,2265.4
470370126.0,4215.4
470370127.01,2006.5
470370127.02,1894.4
470370128.01,1472.7
470370128.02,855.9
470370130.01,135.0
470370130.02,931.5
470370131.0,70.7
470370132.01,4235.2
470370132.02,3622.3
470370133.0,5620.9
470370134.0,3201.7
470370135.0,4680.1
470370136.0,3974.6
470370137.01,4218.8
470370137.02,2530.8
470370138.0,4383.3
470370139.0,4641.6
470370142.0,6078.6
470370143.0,3836.8
470370144.0,3565.8
470370148.0,18219.0
470370151.0,1450.9
470370152.0,1923.3
470370153.0,982.8
470370154.01,1272.2
470370154.02,1567.4
470370154.04,2108.1
470370154.05,3579.9
470370155.01,1431.5
470370155.02,2073.8
470370156.09,3637.0
470370156.13,1545.8
470370156.14,5805.5
470370156.15,5953.5
470370156.17,2077.3
470370156.18,4648.2
470370156.19,2049.0
470370156.2,5585.9
470370156.22,1680.8
470370156.23,2839.3
470370156.24,3299.1
470370156.25,1570.6
470370156.26,5290.4
470370156.27,2053.0
470370156.28,4872.5
470370156.29,2718.3
470370156.3,1282.3
470370156.32,3086.9
470370156.33,1025.3
470370156.34,2971.1
470370156.35,308.1
470370156.36,4178.0
470370156.37,1164.5
470370157.0,1032.3
470370158.04,6860.1
470370158.05,4191.3
470370158.06,3981.4
470370159.0,1485.7
470370160.0,4454.1
470370161.0,2375.8
470370162.0,5562.5
470370163.0,7120.6
470370164.0,11848.3
470370165.0,8280.8
470370166.0,6490.0
470370167.0,4175.7
470370168.0,6789.8
470370169.0,5149.1
470370170.0,8258.4
470370171.0,6397.6
470370172.0,1382.7
470370173.0,3655.3
470370174.01,3298.5
470370174.02,4874.5
470370175.0,2607.1
470370177.01,1225.2
470370177.02,3931.5
470370178.0,3790.8
470370179.01,3156.1
470370179.02,3065.2
470370180.0,3113.8
470370181.01,4056.5
470370181.02,1201.6
470370182.01,1125.1
470370182.03,1346.0
470370182.04,3571.0
470370182.05,1197.2
470370183.02,163.7
470370183.03,291.8
470370183.04,343.0
470370184.04,866.2
470370184.05,1871.6
470370184.07,1557.8
470370184.08,1525.5
470370184.09,3223.4
470370184.1,7728.3
470370184.11,2249.1
470370184.12,3664.7
470370185.0,1337.3
470370186.01,572.5
470370186.02,660.1
470370187.0,499.5
470370188.01,1788.7
470370188.03,2956.0
470370188.04,2805.4
470370189.01,2722.7
470370189.02,3253.4
470370189.04,4031.3
470370189.05,6192.0
470370190.03,6029.1
470370190.04,4524.3
470370190.07,3899.5
470370190.08,7603.7
470370191.05,7870.1
470370191.06,5901.6
470370191.08,6146.0
470370191.09,6270.8
470370191.1,3795.0
470370191.11,4869.9
470370191.12,3028.4
470370191.15,1906.7
470370191.16,3200.4
470370191.17,1324.4
470370191.18,7334.8
470370191.19,1007.6
470370191.2,3744.0
470370191.21,4465.0
470370192.0,5228.8
470370193.0,2809.2
470370194.01,6122.6
470370194.02,5458.8
470370195.01,11003.4
470370195.02,7915.6
470370195.03,6914.6
470370196.0,793.2
470379801.0,0.8
470379802.0,1.4
470399550.01,17.1
470399550.03,79.0
470399550.04,193.5
470399551.01,41.5
470399551.02,21.8
470419201.01,42.8
470419201.02,60.5
470419202.01,292.0
470419202.02,160.0
470419203.0,43.4
470430601.0,43.8
470430602.01,53.3
470430602.02,109.1
470430603.0,133.9
470430604.01,127.0
470430604.02,174.0
470430605.01,448.7
470430605.02,266.4
470430606.01,269.1
470430606.02,206.6
470430607.0,61.9
470499650.0,16.6
470499653.0,45.0
470519601.0,53.5
470519602.01,152.5
470519602.02,131.0
470519603.0,62.0
470519604.01,956.7
470519604.02,412.0
470519605.0,469.4
470519606.0,49.2
470519607.0,30.3
470519608.0,35.2
470539661.0,70.3
470539662.0,79.0
470539663.0,54.0
470539664.0,115.7
470539665.01,157.3
470539665.02,1092.4
470539666.0,91.6
470539667.01,696.6
470539667.02,57.5
470539668.0,14.1
470539669.0,119.1
470539670.01,176.0
470539670.02,1520.3
470539671.0,325.0
470539673.0,17.1
470539674.0,32.0
470539801.0,0.1
470559201.0,28.0
470559202.0,68.0
470559203.01,109.8
470559203.02,25.2
470559204.0,75.0
470559205.0,87.6
470559206.0,37.0
470559207.0,28.1
470559208.0,48.9
470619550.0,19.6
470619551.0,25.6
470619552.0,45.3
470619553.0,80.4
470650101.01,457.2
470650101.03,162.2
470650101.04,99.2
470650102.01,298.9
470650102.02,129.1
470650103.03,1592.3
470650103.04,934.3
470650103.05,436.6
470650103.06,510.4
470650103.08,682.0
470650103.09,424.0
470650104.11,1116.2
470650104.12,1174.6
470650104.13,644.0
470650104.31,1263.1
470650104.32,1049.7
470650104.33,1923.4
470650104.34,302.7
470650104.35,1062.2
470650105.01,1832.1
470650106.0,2068.7
470650109.02,213.1
470650109.05,1256.9
470650110.01,33.6
470650110.03,173.6
470650110.04,454.3
470650111.0,1397.2
470650112.05,772.5
470650114.13,1139.3
470650114.47,989.5
470699501.0,18.9
470699502.0,67.0
470699503.0,141.9
470699504.0,43.5
470699505.0,31.7
470699506.0,21.3
470719201.0,24.0
470719202.0,39.8
470719203.0,279.2
470719204.01,175.5
470719204.02,1110.6
470719205.01,34.0
470719206.0,44.5
470759301.0,16.0
470759305.0,15.8
470779750.0,27.1
470779751.0,29.5
470779752.0,47.9
470779753.01,311.5
470779753.02,174.0
470779754.0,119.5
470779755.0,34.8
470799690.01,66.5
470799690.02,34.5
470799691.0,28.7
470799692.0,19.6
470799693.0,233.6
470799694.0,1530.6
470799695.01,1089.1
470799695.02,714.4
470799696.01,78.4
470799696.02,85.5
470799697.0,29.0
470799698.0,26.6
470819501.0,58.5
470819502.01,64.2
470819502.02,214.2
470819503.01,25.0
470819503.02,80.7
470819504.0,13.4
470819505.0,24.5
470831201.0,34.6
470831202.0,59.8
470831203.0,41.1
470851301.0,51.6
470851302.0,19.6
470851303.0,135.0
470851304.0,11.7
470851305.0,80.7
470879601.0,15.9
470879602.0,34.9
470879603.0,76.7
470879604.0,37.3
470999601.0,83.8
470999602.0,23.4
470999603.0,80.2
470999604.01,320.3
470999604.02,198.4
470999605.01,270.5
470999605.02,89.8
470999606.0,25.5
470999607.0,66.7
470999608.0,61.6
471019701.0,25.6
471019702.0,92.5
471039750.0,18.6
471039751.0,27.5
471039752.0,22.1
471039753.0,195.4
471039754.0,117.5
471039755.0,58.7
471039757.0,42.2
471099301.0,48.7
471099302.0,35.6
471099303.0,35.5
471099304.0,44.2
471099305.01,31.8
471099305.02,173.5
471099306.0,35.2
471099307.0,42.1
471119701.0,52.5
471119702.0,93.7
471119703.01,507.5
471119703.02,74.6
471119704.0,76.1
471130001.0,787.1
471130002.0,1429.1
471130003.0,1180.0
471130004.0,1971.1
471130005.0,2772.5
471130006.0,3349.3
471130007.0,2612.3
471130008.0,1068.1
471130009.0,2134.9
471130010.0,1777.7
471130011.0,614.7
471130013.0,250.2
471130014.01,69.3
471130014.02,101.3
471130015.01,354.1
471130015.02,54.3
471130016.03,1710.7
471130016.04,1387.1
471130016.05,891.6
471130016.07,755.6
471130016.08,145.2
471130016.09,58.6
471130016.1,744.0
471130016.11,691.0
471130016.12,2802.6
471130017.0,16.4
471130018.0,29.1
471130019.0,56.1
471150501.01,40.6
471150501.02,69.0
471150502.03,30.6
471150503.02,23.4
471179550.0,126.1
471179551.0,60.6
471179552.0,104.4
471179553.0,1865.2
471179554.0,1233.2
471179555.0,37.3
471190101.0,37.2
471190102.01,254.7
471190102.03,653.3
471190102.04,1810.6
471190102.05,142.9
471190103.01,264.9
471190103.02,87.9
471190104.01,1249.1
471190104.02,354.9
471190105.0,446.2
471190106.0,1779.7
471190107.0,2655.1
471190108.01,1162.0
471190108.02,533.6
471190109.0,41.4
471190110.01,72.7
471190110.03,65.0
471190110.04,217.9
471190111.01,293.7
471190111.02,156.3
471190112.0,63.2
471251001.0,3767.7
471251002.0,1949.4
471251003.0,1447.5
471251005.0,1814.1
471251006.01,931.7
471251006.02,2746.6
471251008.0,2383.0
471251009.0,927.4
471251010.01,2795.6
471251010.02,1428.4
471251011.01,3307.8
471251011.02,2077.0
471251011.03,533.7
471251012.01,2583.6
471251012.02,1697.1
471251013.04,3013.3
471251013.05,1178.1
471251013.06,2663.6
471251013.07,3501.5
471251013.08,4415.1
471251013.09,4358.4
471251014.0,985.0
471251015.01,212.5
471251015.02,83.1
471251016.0,186.6
471251017.01,50.2
471251017.02,88.5
471251018.03,919.4
471251018.05,477.6
471251018.06,202.1
471251018.07,176.4
471251018.08,731.7
471251019.02,991.8
471251019.04,193.4
471251019.05,998.8
471251019.06,1308.5
471251020.01,1431.7
471251020.03,3340.8
471251020.04,2521.1
471251020.05,1679.2
471251020.07,1122.2
471251020.08,1941.9
471251020.09,3774.4
471251020.1,636.1
471251021.0,2262.8
471259801.0,5.5
471279301.0,55.6
471279302.0,45.0
471319650.0,75.9
471319651.0,53.0
471319654.0,54.4
471319655.0,176.4
471319656.0,555.6
471319657.0,726.7
471319658.0,22.0
471319659.0,21.3
471339501.0,21.8
471339502.0,35.9
471339503.01,152.9
471339503.02,68.5
471339504.0,40.7
471339505.01,105.9
471339505.02,79.1
471339506.0,26.2
471359301.0,22.8
471359302.01,33.2
471359302.02,13.5
471379251.01,35.2
471379251.02,25.5
471410001.0,66.2
471410002.01,373.5
471410002.02,245.1
471410003.01,228.8
471410003.03,877.1
471410003.04,2477.4
471410003.05,1148.5
471410004.0,1790.6
471410005.0,1477.4
471410006.0,1012.2
471410007.0,1270.2
471410008.0,3513.5
471410009.0,385.3
471410010.0,47.1
471410011.0,140.6
471410012.01,381.3
471410012.02,180.0
471410013.0,55.6
471439752.0,73.8
471439753.0,130.3
471439754.01,517.1
471470801.01,60.2
471470801.03,687.1
471470801.04,163.3
471470802.0,44.7
471470803.01,610.9
471470803.02,2119.4
471470804.01,1608.4
471470804.02,1386.7
471470805.0,136.8
471470806.03,147.8
471470806.04,331.4
471470806.05,350.4
471470806.06,463.3
471470807.01,64.9
471470807.02,135.1
471490401.01,811.2
471490401.02,1257.3
471490401.04,3123.9
471490401.05,2249.7
471490401.06,6308.4
471490401.07,5315.4
471490402.0,845.5
471490403.03,2379.0
471490403.04,2751.5
471490403.05,3724.6
471490403.07,1451.9
471490403.08,3360.2
471490403.09,963.7
471490403.1,1927.2
471490403.11,3146.4
471490403.12,2252.9
471490404.04,1406.0
471490404.05,1412.9
471490405.01,321.7
471490405.02,117.0
471490406.0,60.3
471490407.02,153.7
471490407.03,780.8
471490407.04,182.4
471490408.06,668.9
471490408.07,519.1
471490408.08,476.3
471490408.09,139.8
471490408.1,73.4
471490408.11,930.2
471490408.12,1578.0
471490409.01,708.3
471490409.04,2729.2
471490409.06,4146.9
471490409.07,3174.6
471490409.08,6194.2
471490409.09,4560.9
471490409.1,2548.5
471490409.11,2341.8
471490410.0,512.1
471490411.02,189.1
471490411.03,1749.2
471490411.04,982.3
471490412.01,795.3
471490412.02,508.3
471490413.01,2433.1
471490413.02,2093.4
471490414.01,2305.4
471490414.04,6239.3
471490414.05,8802.4
471490414.06,5860.4
471490414.07,3258.9
471490415.0,4131.1
471490416.01,4243.0
471490416.02,3190.0
471490417.0,2951.8
471490418.0,760.7
471490419.0,5437.0
471490420.0,2293.6
471490421.01,2589.8
471490421.02,3825.5
471490422.0,686.1
471490423.01,1291.5
471490423.02,1343.4
471530601.02,22.3
471530601.03,279.3
471530601.04,198.1
471530602.0,45.2
471599750.0,39.8
471599751.0,408.8
471599752.0,81.0
471599753.0,39.7
471599754.0,66.9
471611102.01,61.5
471611102.02,31.2
471611106.0,29.0
471611107.0,47.2
471619801.0,0.0
471619802.0,0.0
471650201.01,138.7
471650201.02,96.2
471650202.03,130.7
471650202.04,225.1
471650202.05,480.9
471650202.06,143.3
471650202.07,187.1
471650202.08,226.5
471650202.09,106.3
471650203.0,961.7
471650204.03,102.5
471650204.04,140.1
471650204.05,538.3
471650204.06,411.8
471650204.07,830.1
471650205.01,1258.9
471650205.02,551.7
471650205.03,138.5
471650206.01,82.5
471650206.02,104.5
471650206.03,145.3
471650207.0,1845.7
471650208.0,1835.4
471650209.01,149.5
471650209.03,1032.9
471650209.04,2039.3
471650209.05,2449.9
471650210.02,760.3
471650210.04,444.2
471650210.05,338.1
471650210.06,297.3
471650210.07,1398.9
471650210.08,1253.7
471650210.09,1854.6
471650211.03,2518.9
471650211.04,2493.1
471650211.05,2247.8
471650211.06,2076.3
471650211.07,3497.0
471650212.01,1889.4
471650212.03,1066.4
471650212.04,2568.6
471650212.05,1080.6
471690901.0,85.3
471690902.0,312.4
471759250.0,17.9
471759252.0,35.1
471779301.0,60.8
471779302.01,66.0
471779302.02,73.8
471779303.0,68.0
471779304.0,508.4
471779305.0,894.0
471779306.0,236.8
471779307.0,398.9
471779308.0,70.1
471779309.0,20.3
471819501.0,18.8
471819502.0,36.8
471819503.0,23.6
471819504.0,14.4
471839680.0,13.4
471839681.01,577.4
471839681.02,49.7
471839682.01,90.5
471839682.02,2306.6
471839682.03,855.2
471839683.0,43.0
471839684.0,56.8
471839685.0,44.1
471839686.0,43.2
471839687.0,15.7
471859350.0,29.6
471859351.0,74.7
471859352.0,71.1
471859353.0,213.7
471859354.0,341.6
471859355.0,84.3
471870501.02,1132.2
471870501.03,159.0
471870501.04,1388.1
471870501.05,1019.1
471870502.04,1547.9
471870502.05,1211.3
471870502.06,1254.6
471870502.07,1145.6
471870502.09,1296.8
471870502.1,1300.2
471870502.11,2238.2
471870502.12,824.2
471870503.03,1267.9
471870503.04,957.9
471870503.05,600.8
471870503.06,634.5
471870503.07,1517.6
471870504.03,372.7
471870504.04,629.2
471870504.05,211.0
471870504.06,579.9
471870505.02,56.5
471870505.03,187.3
471870505.04,924.9
471870506.01,786.0
471870506.03,2717.2
471870506.04,517.4
471870507.01,2823.3
471870507.02,974.1
471870508.01,4483.8
471870508.02,2435.6
471870509.04,2540.3
471870509.05,3407.7
471870509.06,2169.3
471870509.07,2886.5
471870509.08,1491.8
471870509.09,484.2
471870510.01,1333.5
471870510.02,590.0
471870511.0,115.0
471870512.03,43.2
471870512.04,381.2
471870512.05,1228.9
471870512.06,4179.4
471870512.07,4970.9
471870512.08,4626.9
471890301.02,94.1
471890301.03,198.8
471890301.04,190.9
471890301.05,557.2
471890302.02,577.1
471890302.03,623.4
471890302.05,238.5
471890302.06,464.9
471890302.07,260.1
471890303.03,878.4
471890303.04,947.6
471890303.05,2084.3
471890303.08,2610.1
471890303.09,1108.5
471890303.1,1272.3
471890303.11,520.0
471890304.01,1388.1
471890304.02,1422.7
471890305.0,1809.2
471890306.0,2417.8
471890307.0,859.4
471890308.0,104.5
471890309.04,55.1
471890309.05,255.6
471890309.06,433.0
471890309.07,389.1
471890309.08,3110.8
471890310.0,46.1
